PID,Name
 , 
132864,sh
132865,cpuUsage.sh
132869,sleep
 , 
132889,sh
132890,cpuUsage.sh
132893,sleep
 , 
132903,python
 , 
132903,pt_main_thread
132918,sh
132919,cpuUsage.sh
132923,sleep
 , 
132903,pt_main_thread
 , 
132903,pt_main_thread
 , 
132903,pt_main_thread
132962,sh
132963,cpuUsage.sh
132967,sleep
 , 
132903,pt_main_thread
 , 
132903,pt_main_thread
132982,sh
132983,cpuUsage.sh
132987,sleep
 , 
132903,pt_main_thread
 , 
132903,pt_main_thread
 , 
132903,pt_main_thread
133023,sh
133024,cpuUsage.sh
133028,sleep
 , 
132903,pt_main_thread
 , 
132903,pt_main_thread
133043,sh
133044,cpuUsage.sh
133048,sleep
 , 
132903,pt_main_thread
 , 
132903,pt_main_thread
 , 
132903,pt_main_thread
133083,sh
133084,cpuUsage.sh
133088,sleep
 , 
132903,pt_main_thread
 , 
132903,pt_main_thread
133103,sh
133104,cpuUsage.sh
133108,sleep
133113,sh
133114,cpuUsage.sh
 , 
132903,pt_main_thread
 , 
132903,pt_main_thread
 , 
132903,pt_main_thread
 , 
132903,pt_main_thread
 , 
132903,pt_main_thread
133166,sh
133167,cpuUsage.sh
133171,sleep
133176,sh
133177,cpuUsage.sh
133181,sleep
 , 
132903,pt_main_thread
 , 
132903,pt_main_thread
 , 
132903,pt_main_thread
 , 
132903,pt_main_thread
 , 
132903,pt_main_thread
133226,sh
133227,cpuUsage.sh
133231,sleep
133236,sh
133237,cpuUsage.sh
133241,sleep
 , 
132903,pt_main_thread
 , 
132903,pt_main_thread
 , 
132903,pt_main_thread
 , 
132903,pt_main_thread
 , 
132903,pt_main_thread
133286,sh
133287,cpuUsage.sh
133291,sleep
133296,sh
133297,cpuUsage.sh
133301,sleep
 , 
132903,pt_main_thread
 , 
132903,pt_main_thread
 , 
132903,pt_main_thread
 , 
132903,pt_main_thread
 , 
132903,pt_main_thread
133346,sh
133347,cpuUsage.sh
133351,sleep
133356,sh
133357,cpuUsage.sh
133361,sleep
 , 
132903,pt_main_thread
 , 
132903,pt_main_thread
 , 
132903,pt_main_thread
 , 
132903,pt_main_thread
 , 
132903,pt_main_thread
133406,sh
133407,cpuUsage.sh
133411,sleep
133416,sh
133417,cpuUsage.sh
133421,sleep
 , 
132903,pt_main_thread
 , 
132903,pt_main_thread
 , 
132903,pt_main_thread
 , 
132903,pt_main_thread
 , 
132903,pt_main_thread
133476,sh
133477,cpuUsage.sh
133481,sleep
 , 
132903,pt_main_thread
 , 
132903,pt_main_thread
133496,sh
133497,cpuUsage.sh
133501,sleep
 , 
132903,pt_main_thread
 , 
132903,pt_main_thread
 , 
132903,pt_main_thread
133536,sh
133537,cpuUsage.sh
133541,sleep
 , 
132903,pt_main_thread
 , 
132903,pt_main_thread
133556,sh
133557,cpuUsage.sh
133561,sleep
 , 
132903,pt_main_thread
 , 
132903,pt_main_thread
 , 
132903,pt_main_thread
133596,sh
133597,cpuUsage.sh
133601,sleep
 , 
132903,pt_main_thread
 , 
132903,pt_main_thread
133616,sh
133617,cpuUsage.sh
133621,sleep
 , 
132903,pt_main_thread
 , 
132903,pt_main_thread
 , 
132903,pt_main_thread
133656,sh
133657,cpuUsage.sh
 , 
132903,pt_main_thread
 , 
132903,pt_main_thread
133676,sh
133677,cpuUsage.sh
133681,sleep
133686,sh
133687,cpuUsage.sh
133691,sleep
 , 
132903,pt_main_thread
133703,kworker/1:1-events
 , 
132903,pt_main_thread
133703,kworker/1:1-events
 , 
132903,pt_main_thread
133703,kworker/1:1-events
 , 
132903,pt_main_thread
133703,kworker/1:1-events
 , 
132903,pt_main_thread
133703,kworker/1:1-events
133738,sh
133739,cpuUsage.sh
133743,sleep
133748,sh
133749,cpuUsage.sh
133753,sleep
 , 
132903,pt_main_thread
133703,kworker/1:1-events
 , 
132903,pt_main_thread
133703,kworker/1:1-events
 , 
132903,pt_main_thread
133703,kworker/1:1-events
 , 
132903,pt_main_thread
133703,kworker/1:1-events
 , 
132903,pt_main_thread
133703,kworker/1:1-events
133798,sh
133799,cpuUsage.sh
133803,sleep
133808,sh
133809,cpuUsage.sh
133813,sleep
 , 
132903,pt_main_thread
133703,kworker/1:1-events
 , 
132903,pt_main_thread
133703,kworker/1:1-events
 , 
132903,pt_main_thread
133703,kworker/1:1-events
 , 
132903,pt_main_thread
133703,kworker/1:1-events
 , 
132903,pt_main_thread
133703,kworker/1:1-events
133858,sh
133859,cpuUsage.sh
133863,sleep
133868,sh
133869,cpuUsage.sh
133873,sleep
 , 
132903,pt_main_thread
133703,kworker/1:1-events
 , 
132903,pt_main_thread
133703,kworker/1:1-events
 , 
132903,pt_main_thread
133703,kworker/1:1-events
 , 
132903,pt_main_thread
133703,kworker/1:1-events
 , 
132903,pt_main_thread
133703,kworker/1:1-events
133918,sh
133919,cpuUsage.sh
133923,sleep
133928,sh
133929,cpuUsage.sh
133933,sleep
 , 
132903,pt_main_thread
133703,kworker/1:1-events
 , 
132903,pt_main_thread
133703,kworker/1:1-events
133946,sh
133947,ps
 , 
132903,pt_main_thread
133703,kworker/1:1-events
 , 
132903,pt_main_thread
133703,kworker/1:1-events
 , 
132903,pt_main_thread
133703,kworker/1:1-events
133988,sh
133989,cpuUsage.sh
133993,sleep
